{"cameraMode":{"drawMode":0,"name":"Shaded","section":"Shading Mode"},"sceneLighting":false,"audioPlay":false,"sceneViewState":{"showFog":true,"showMaterialUpdate":false,"showSkybox":false,"showFlares":true,"showImageEffects":true,"showParticleSystems":true},"in2DMode":false,"pivot":{"x":0.4749999940395355,"y":0.4749999940395355,"z":0.4749999940395355},"rotation":{"x":-0.23302482068538667,"y":0.39608559012413027,"z":-0.10466188192367554,"w":-0.8819792866706848},"size":3.0007779598236086,"orthographic":false}